date,sku,name,url,price,stock,availability,model,memory_gb,brand,rolling_median,ever_min,is_sale,is_low,pct_off
2025-10-13,170076,Raspberry Pi Ceramic Mug,https://www.microcenter.com/product/627907/raspberry-pi-ceramic-mug,9.99,In Stock,Usually ships,Accessory,,Raspberry Pi,,9.99,False,True,
2025-10-15,170076,Raspberry Pi Ceramic Mug,https://www.microcenter.com/product/627907/raspberry-pi-ceramic-mug,9.99,In Stock,Usually ships,Accessory,,Raspberry Pi,,9.99,False,True,
2025-10-13,188631,Raspberry Pi 4 Case Fan,https://www.microcenter.com/product/628750/raspberry-pi-4-case-fan,4.99,In Stock,Usually ships,Pi 4,,Raspberry Pi,,4.99,False,True,
2025-10-15,188631,Raspberry Pi 4 Case Fan,https://www.microcenter.com/product/628750/raspberry-pi-4-case-fan,4.99,In Stock,Usually ships,Pi 4,,Raspberry Pi,,4.99,False,True,
2025-10-13,203232,Raspberry Pi 400 Personal Computer Kit;  Broadcom BCM2711 Quad core Cortex-A72 (ARM v8) 64-bit SoC;  4GB RAM;  Built-in Keyboard,https://www.microcenter.com/product/631204/raspberry-pi-400-personal-computer-kit,89.99,Buy In Store,Buy In Store,Pi 4,4.0,Raspberry Pi,,89.99,False,True,
2025-10-15,203232,Raspberry Pi 400 Personal Computer Kit;  Broadcom BCM2711 Quad core Cortex-A72 (ARM v8) 64-bit SoC;  4GB RAM;  Built-in Keyboard,https://www.microcenter.com/product/631204/raspberry-pi-400-personal-computer-kit,89.99,Buy In Store,Buy In Store,Pi 4,4.0,Raspberry Pi,,89.99,False,True,
2025-10-13,212894,Raspberry Pi DigiAMP,https://www.microcenter.com/product/631851/raspberry-pi-digiamp,29.99,In Stock,Usually ships,Accessory,,Raspberry Pi,,29.99,False,True,
2025-10-15,212894,Raspberry Pi DigiAMP,https://www.microcenter.com/product/631851/raspberry-pi-digiamp,29.99,In Stock,Usually ships,Accessory,,Raspberry Pi,,29.99,False,True,
2025-10-13,232736,"Raspberry Pi 400 - Includes Raspbery Pi 400 with 4GB Ram, Micro SD Card Slot, 2 USB 3.0 Ports, 1 USB 2.0 Port, USB C Power Required","https://www.microcenter.com/product/633751/raspberry-pi-400-includes-raspbery-pi-400-with-4gb-ram,-micro-sd-card-slot,-2-usb-30-ports,-1-usb-20-port,-usb-c-power-required",59.99,Buy In Store,Buy In Store,Pi 4,4.0,Raspberry Pi,,59.99,False,True,
2025-10-15,232736,"Raspberry Pi 400 - Includes Raspbery Pi 400 with 4GB Ram, Micro SD Card Slot, 2 USB 3.0 Ports, 1 USB 2.0 Port, USB C Power Required","https://www.microcenter.com/product/633751/raspberry-pi-400-includes-raspbery-pi-400-with-4gb-ram,-micro-sd-card-slot,-2-usb-30-ports,-1-usb-20-port,-usb-c-power-required",59.99,Buy In Store,Buy In Store,Pi 4,4.0,Raspberry Pi,,59.99,False,True,
2025-10-15,278523,Raspberry Pi 4 Model B;  Broadcom BCM2711 Quad core Cortex-A72 (ARM v8) 64-bit SoC;  4GB DDR4 RAM,https://www.microcenter.com/product/637834/raspberry-pi-4-model-b,54.99,Buy In Store,Buy In Store,Pi 4,4.0,Raspberry Pi,,54.99,False,True,
2025-10-13,334904,Raspberry Pi Zero 2 W;  ARM Cortex A53 Quad Core Processor;  512MB LPDDR2 RAM,https://www.microcenter.com/product/643085/raspberry-pi-zero-2-w,14.99,Buy In Store,In-Store Pickup,Accessory,0.5,Raspberry Pi,,14.99,False,True,
2025-10-15,334904,Raspberry Pi Zero 2 W;  ARM Cortex A53 Quad Core Processor;  512MB LPDDR2 RAM,https://www.microcenter.com/product/643085/raspberry-pi-zero-2-w,14.99,Buy In Store,In-Store Pickup,Accessory,0.5,Raspberry Pi,,14.99,False,True,
2025-10-13,346866,Raspberry Pi 12.5 Watt Power Supply,https://www.microcenter.com/product/643086/raspberry-pi-125-watt-power-supply,7.99,In Stock,Usually ships,Accessory,,Raspberry Pi,,7.99,False,True,
2025-10-15,346866,Raspberry Pi 12.5 Watt Power Supply,https://www.microcenter.com/product/643086/raspberry-pi-125-watt-power-supply,7.99,In Stock,Usually ships,Accessory,,Raspberry Pi,,7.99,False,True,
2025-10-13,412197,Raspberry Pi Pico WH - Pico Wireless with Headers Soldered;  RP2040 32-bit Cortex M0+ Dual Core Processor;  264KB RAM,https://www.microcenter.com/product/650109/raspberry-pi-pico-wh-pico-wireless-with-headers-soldered,5.99,Buy In Store,In-Store Pickup,Pico,,Raspberry Pi,,5.99,False,True,
2025-10-15,412197,Raspberry Pi Pico WH - Pico Wireless with Headers Soldered;  RP2040 32-bit Cortex M0+ Dual Core Processor;  264KB RAM,https://www.microcenter.com/product/650109/raspberry-pi-pico-wh-pico-wireless-with-headers-soldered,5.99,Buy In Store,In-Store Pickup,Pico,,Raspberry Pi,,5.99,False,True,
2025-10-13,412205,Raspberry Pi Pico W;  RP2040 32-bit Cortex M0+ Dual Core Processor;  264KB RAM,https://www.microcenter.com/product/650108/raspberry-pi-pico-w,4.99,Buy In Store,Buy In Store,Pico,,Raspberry Pi,,4.99,False,True,
2025-10-15,412205,Raspberry Pi Pico W;  RP2040 32-bit Cortex M0+ Dual Core Processor;  264KB RAM,https://www.microcenter.com/product/650108/raspberry-pi-pico-w,4.99,Buy In Store,Buy In Store,Pico,,Raspberry Pi,,4.99,False,True,
2025-10-13,412213,Raspberry Pi Pico H - Raspberry Pi Pico with Headers Pre Installed;  RP2040 32-bit Cortex M0 Dual Core Processor;  264KB RAM,https://www.microcenter.com/product/650107/raspberry-pi-pico-h-raspberry-pi-pico-with-headers-pre-installed,3.99,Buy In Store,Buy In Store,Pico,,Raspberry Pi,,3.99,False,True,
2025-10-15,412213,Raspberry Pi Pico H - Raspberry Pi Pico with Headers Pre Installed;  RP2040 32-bit Cortex M0 Dual Core Processor;  264KB RAM,https://www.microcenter.com/product/650107/raspberry-pi-pico-h-raspberry-pi-pico-with-headers-pre-installed,3.99,Buy In Store,Buy In Store,Pico,,Raspberry Pi,,3.99,False,True,
2025-10-13,422659,Raspberry Pi Zero W Microcontroller Development Board;  Bluetooth 4.1;  1GHz single-core CPU;  512MB RAM;  Mini HDMI and USB On-The-Go ports,https://www.microcenter.com/product/486575/raspberry-pi-zero-w-microcontroller-development-board,7.99,Buy In Store,In-Store Pickup,Accessory,0.5,Raspberry Pi,,7.99,False,True,
2025-10-15,422659,Raspberry Pi Zero W Microcontroller Development Board;  Bluetooth 4.1;  1GHz single-core CPU;  512MB RAM;  Mini HDMI and USB On-The-Go ports,https://www.microcenter.com/product/486575/raspberry-pi-zero-w-microcontroller-development-board,7.99,Buy In Store,In-Store Pickup,Accessory,0.5,Raspberry Pi,,7.99,False,True,
2025-10-13,422709,Raspberry Pi Official Raspberry Pi Zero Case - White/Red,https://www.microcenter.com/product/486577/raspberry-pi-official-raspberry-pi-zero-case-white-red,4.99,In Stock,Usually ships,Accessory,,Raspberry Pi,,4.99,False,True,
2025-10-15,422709,Raspberry Pi Official Raspberry Pi Zero Case - White/Red,https://www.microcenter.com/product/486577/raspberry-pi-official-raspberry-pi-zero-case-white-red,4.99,In Stock,Usually ships,Accessory,,Raspberry Pi,,4.99,False,True,
2025-10-13,520767,Raspberry Pi Pico Microcontroller Development Board;  Dual-Core ARM Cortex M0+ RP2040 Processor;  264KB RAM,https://www.microcenter.com/product/661033/raspberry-pi-pico-microcontroller-development-board,2.99,Buy In Store,Buy In Store,Pico,,Raspberry Pi,,2.99,False,True,
2025-10-15,520767,Raspberry Pi Pico Microcontroller Development Board;  Dual-Core ARM Cortex M0+ RP2040 Processor;  264KB RAM,https://www.microcenter.com/product/661033/raspberry-pi-pico-microcontroller-development-board,2.99,Buy In Store,Buy In Store,Pico,,Raspberry Pi,,2.99,False,True,
2025-10-13,531517,Raspberry Pi HQ Camera - M12 Mount,https://www.microcenter.com/product/662020/raspberry-pi-hq-camera-m12-mount,49.99,In Stock,Usually ships,Accessory,,Raspberry Pi,,49.99,False,True,
2025-10-15,531517,Raspberry Pi HQ Camera - M12 Mount,https://www.microcenter.com/product/662020/raspberry-pi-hq-camera-m12-mount,49.99,In Stock,Usually ships,Accessory,,Raspberry Pi,,49.99,False,True,
2025-10-13,531640,Raspberry Pi Camera Lens 5MP 25MM,https://www.microcenter.com/product/662034/raspberry-pi-camera-lens-5mp-25mm,18.99,In Stock,Usually ships,Accessory,,Raspberry Pi,,18.99,False,True,
2025-10-15,531640,Raspberry Pi Camera Lens 5MP 25MM,https://www.microcenter.com/product/662034/raspberry-pi-camera-lens-5mp-25mm,18.99,In Stock,Usually ships,Accessory,,Raspberry Pi,,18.99,False,True,
2025-10-13,531905,Raspberry Pi Camera 3 NoIR,https://www.microcenter.com/product/662017/raspberry-pi-camera-3-noir,27.99,In Stock,Usually ships,Accessory,,Raspberry Pi,,27.99,False,True,
2025-10-15,531905,Raspberry Pi Camera 3 NoIR,https://www.microcenter.com/product/662017/raspberry-pi-camera-3-noir,27.99,In Stock,Usually ships,Accessory,,Raspberry Pi,,27.99,False,True,
2025-10-13,531913,Raspberry Pi Camera 3 Wide,https://www.microcenter.com/product/662018/raspberry-pi-camera-3-wide,34.99,Buy In Store,In-Store Pickup,Accessory,,Raspberry Pi,,34.99,False,True,
2025-10-15,531913,Raspberry Pi Camera 3 Wide,https://www.microcenter.com/product/662018/raspberry-pi-camera-3-wide,34.99,In Stock,Usually ships,Accessory,,Raspberry Pi,,34.99,False,True,
2025-10-13,531921,Raspberry Pi Camera 3 Wide NoIR,https://www.microcenter.com/product/662019/raspberry-pi-camera-3-wide-noir,34.99,In Stock,Usually ships,Accessory,,Raspberry Pi,,34.99,False,True,
2025-10-15,531921,Raspberry Pi Camera 3 Wide NoIR,https://www.microcenter.com/product/662019/raspberry-pi-camera-3-wide-noir,34.99,In Stock,Usually ships,Accessory,,Raspberry Pi,,34.99,False,True,
2025-10-13,531947,Raspberry Pi HQ Lens M12;  12 Megapixel;  Wide Angle Lens,https://www.microcenter.com/product/662035/raspberry-pi-hq-lens-m12,39.99,In Stock,Usually ships,Accessory,,Raspberry Pi,,39.99,False,True,
2025-10-15,531947,Raspberry Pi HQ Lens M12;  12 Megapixel;  Wide Angle Lens,https://www.microcenter.com/product/662035/raspberry-pi-hq-lens-m12,39.99,In Stock,Usually ships,Accessory,,Raspberry Pi,,39.99,False,True,
2025-10-13,531954,Raspberry Pi Camera 3,https://www.microcenter.com/product/662016/raspberry-pi-camera-3,33.99,In Stock,Usually ships,Accessory,,Raspberry Pi,,33.99,False,True,
2025-10-15,531954,Raspberry Pi Camera 3,https://www.microcenter.com/product/662016/raspberry-pi-camera-3,33.99,In Stock,Usually ships,Accessory,,Raspberry Pi,,33.99,False,True,
2025-10-13,531962,Raspberry Pi M12 Lens;  12 Megapixel;  8mm;  Portrait Lens,https://www.microcenter.com/product/662052/raspberry-pi-m12-lens,37.99,In Stock,Usually ships,Accessory,,Raspberry Pi,,37.99,False,True,
2025-10-15,531962,Raspberry Pi M12 Lens;  12 Megapixel;  8mm;  Portrait Lens,https://www.microcenter.com/product/662052/raspberry-pi-m12-lens,37.99,In Stock,Usually ships,Accessory,,Raspberry Pi,,37.99,False,True,
2025-10-13,548065,Raspberry Pi Debug Probe,https://www.microcenter.com/product/663804/raspberry-pi-debug-probe,11.99,In Stock,Usually ships,Accessory,,Raspberry Pi,,11.99,False,True,
2025-10-15,548065,Raspberry Pi Debug Probe,https://www.microcenter.com/product/663804/raspberry-pi-debug-probe,11.99,In Stock,Usually ships,Accessory,,Raspberry Pi,,11.99,False,True,
2025-10-13,548610,Raspberry Pi Global Shutter Camera,https://www.microcenter.com/product/663805/raspberry-pi-global-shutter-camera,55.99,In Stock,Usually ships,Accessory,,Raspberry Pi,,55.99,False,True,
2025-10-15,548610,Raspberry Pi Global Shutter Camera,https://www.microcenter.com/product/663805/raspberry-pi-global-shutter-camera,55.99,In Stock,Usually ships,Accessory,,Raspberry Pi,,55.99,False,True,
2025-10-13,558312,Raspberry Pi 4 Model B;  Broadcom BCM2711 Quad core Cortex-A72 (ARM v8) 64-bit SoC;  1GB DDR4 RAM,https://www.microcenter.com/product/665122/raspberry-pi-4-model-b,34.99,Buy In Store,Buy In Store,Pi 4,1.0,Raspberry Pi,,34.99,False,True,
2025-10-15,558312,Raspberry Pi 4 Model B;  Broadcom BCM2711 Quad core Cortex-A72 (ARM v8) 64-bit SoC;  1GB DDR4 RAM,https://www.microcenter.com/product/665122/raspberry-pi-4-model-b,34.99,Buy In Store,Buy In Store,Pi 4,1.0,Raspberry Pi,,34.99,False,True,
2025-10-15,606574,Raspberry Pi HQ Camera for Raspberry Pi 4 - 12.3 megapixel Sony IMX477 sensor;  7.9mm diagonal image size;  back-illuminated sensor architecture;  adjustable back focus;  support for C- and CS-mount lenses,https://www.microcenter.com/product/670327/raspberry-pi-hq-camera-for-raspberry-pi-4-123-megapixel-sony-imx477-sensor,55.99,Buy In Store,In-Store Pickup,Pi 4,,Raspberry Pi,,55.99,False,True,
2025-10-13,619874,Raspberry Pi 5 Display Cable - 300mm,https://www.microcenter.com/product/671937/raspberry-pi-5-display-cable-300mm,2.99,Buy In Store,In-Store Pickup,Pi 5,,Raspberry Pi,,2.99,False,True,
2025-10-15,619874,Raspberry Pi 5 Display Cable - 300mm,https://www.microcenter.com/product/671937/raspberry-pi-5-display-cable-300mm,2.99,Buy In Store,In-Store Pickup,Pi 5,,Raspberry Pi,,2.99,False,True,
2025-10-13,619916,Raspberry Pi 5 Camera Cable - 300mm,https://www.microcenter.com/product/671933/raspberry-pi-5-camera-cable-300mm,2.99,In Stock,Usually ships,Pi 5,,Raspberry Pi,,2.99,False,True,
2025-10-15,619916,Raspberry Pi 5 Camera Cable - 300mm,https://www.microcenter.com/product/671933/raspberry-pi-5-camera-cable-300mm,2.99,In Stock,Usually ships,Pi 5,,Raspberry Pi,,2.99,False,True,
2025-10-13,620294,Raspberry Pi The Official Raspberry Pi Beginner's Guide: How to use your new computer,https://www.microcenter.com/product/671941/raspberry-pi-the-official-raspberry-pi-beginners-guide-how-to-use-your-new-computer,24.99,In Stock,Usually ships,Accessory,,Raspberry Pi,,24.99,False,True,
2025-10-15,620294,Raspberry Pi The Official Raspberry Pi Beginner's Guide: How to use your new computer,https://www.microcenter.com/product/671941/raspberry-pi-the-official-raspberry-pi-beginners-guide-how-to-use-your-new-computer,24.99,In Stock,Usually ships,Accessory,,Raspberry Pi,,24.99,False,True,
2025-10-13,620310,Raspberry Pi 5 Active Cooler,https://www.microcenter.com/product/671930/raspberry-pi-5-active-cooler,9.99,Buy In Store,In-Store Pickup,Pi 5,,Raspberry Pi,,9.99,False,True,
2025-10-15,620310,Raspberry Pi 5 Active Cooler,https://www.microcenter.com/product/671930/raspberry-pi-5-active-cooler,9.99,Buy In Store,In-Store Pickup,Pi 5,,Raspberry Pi,,9.99,False,True,
2025-10-13,620328,Raspberry Pi 5 RTC Battery,https://www.microcenter.com/product/671931/raspberry-pi-5-rtc-battery,4.99,In Stock,Usually ships,Pi 5,,Raspberry Pi,,4.99,False,True,
2025-10-15,620328,Raspberry Pi 5 RTC Battery,https://www.microcenter.com/product/671931/raspberry-pi-5-rtc-battery,4.99,In Stock,Usually ships,Pi 5,,Raspberry Pi,,4.99,False,True,
2025-10-13,620336,Raspberry Pi 5 Case - Red/White,https://www.microcenter.com/product/671928/raspberry-pi-5-case-red-white,9.99,Buy In Store,In-Store Pickup,Pi 5,,Raspberry Pi,,9.99,False,True,
2025-10-15,620336,Raspberry Pi 5 Case - Red/White,https://www.microcenter.com/product/671928/raspberry-pi-5-case-red-white,9.99,Buy In Store,In-Store Pickup,Pi 5,,Raspberry Pi,,9.99,False,True,
2025-10-13,620344,Raspberry Pi 27W USB-C PSU - White,https://www.microcenter.com/product/671926/raspberry-pi-27w-usb-c-psu-white,11.99,Buy In Store,In-Store Pickup,Accessory,,Raspberry Pi,,11.99,False,True,
2025-10-15,620344,Raspberry Pi 27W USB-C PSU - White,https://www.microcenter.com/product/671926/raspberry-pi-27w-usb-c-psu-white,11.99,Buy In Store,In-Store Pickup,Accessory,,Raspberry Pi,,11.99,False,True,
2025-10-13,620351,Raspberry Pi 27W USB-C PSU - Black,https://www.microcenter.com/product/671927/raspberry-pi-27w-usb-c-psu-black,11.99,In Stock,Usually ships,Accessory,,Raspberry Pi,,11.99,False,True,
2025-10-15,620351,Raspberry Pi 27W USB-C PSU - Black,https://www.microcenter.com/product/671927/raspberry-pi-27w-usb-c-psu-black,11.99,In Stock,Usually ships,Accessory,,Raspberry Pi,,11.99,False,True,
2025-10-13,620369,Raspberry Pi 5 Case - Black/Gray,https://www.microcenter.com/product/671929/raspberry-pi-5-case-black-gray,9.99,In Stock,Usually ships,Pi 5,,Raspberry Pi,,9.99,False,True,
2025-10-15,620369,Raspberry Pi 5 Case - Black/Gray,https://www.microcenter.com/product/671929/raspberry-pi-5-case-black-gray,9.99,In Stock,Usually ships,Pi 5,,Raspberry Pi,,9.99,False,True,
2025-10-13,635649,Raspberry Pi 5;  ARM Cortex A76 Quad Core Processor;  8GB LPDDR4X RAM,https://www.microcenter.com/product/673711/raspberry-pi-5,64.99,Buy In Store,In-Store Pickup,Pi 5,8.0,Raspberry Pi,,64.99,False,True,
2025-10-15,635649,Raspberry Pi 5;  ARM Cortex A76 Quad Core Processor;  8GB LPDDR4X RAM,https://www.microcenter.com/product/673711/raspberry-pi-5,64.99,Buy In Store,In-Store Pickup,Pi 5,8.0,Raspberry Pi,,64.99,False,True,
2025-10-13,635656,Raspberry Pi 5;  ARM Cortex A76 Quad Core Processor;  4GB LPDDR4X RAM,https://www.microcenter.com/product/673712/raspberry-pi-5,49.99,Buy In Store,Buy In Store,Pi 5,4.0,Raspberry Pi,,49.99,False,True,
2025-10-15,635656,Raspberry Pi 5;  ARM Cortex A76 Quad Core Processor;  4GB LPDDR4X RAM,https://www.microcenter.com/product/673712/raspberry-pi-5,49.99,Buy In Store,Buy In Store,Pi 5,4.0,Raspberry Pi,,49.99,False,True,
2025-10-13,6783,Raspberry Pi Official USB Keyboard with USB Hub - Red/White,https://www.microcenter.com/product/613556/raspberry-pi-official-usb-keyboard-with-usb-hub-red-white,16.99,In Stock,Usually ships,Accessory,,Raspberry Pi,,16.99,False,True,
2025-10-15,6783,Raspberry Pi Official USB Keyboard with USB Hub - Red/White,https://www.microcenter.com/product/613556/raspberry-pi-official-usb-keyboard-with-usb-hub-red-white,16.99,In Stock,Usually ships,Accessory,,Raspberry Pi,,16.99,False,True,
2025-10-13,6791,Raspberry Pi Official USB Keyboard with USB Hub - Black/Gray,https://www.microcenter.com/product/613557/raspberry-pi-official-usb-keyboard-with-usb-hub-black-gray,16.99,In Stock,Usually ships,Accessory,,Raspberry Pi,,16.99,False,True,
2025-10-15,6791,Raspberry Pi Official USB Keyboard with USB Hub - Black/Gray,https://www.microcenter.com/product/613557/raspberry-pi-official-usb-keyboard-with-usb-hub-black-gray,16.99,In Stock,Usually ships,Accessory,,Raspberry Pi,,16.99,False,True,
2025-10-13,6817,Raspberry Pi Official Raspberry Pi Optical USB Mouse - Red/White,https://www.microcenter.com/product/613558/raspberry-pi-official-raspberry-pi-optical-usb-mouse-red-white,7.99,In Stock,Usually ships,Accessory,,Raspberry Pi,,7.99,False,True,
2025-10-15,6817,Raspberry Pi Official Raspberry Pi Optical USB Mouse - Red/White,https://www.microcenter.com/product/613558/raspberry-pi-official-raspberry-pi-optical-usb-mouse-red-white,7.99,In Stock,Usually ships,Accessory,,Raspberry Pi,,7.99,False,True,
2025-10-13,6825,Raspberry Pi Official Raspberry Pi Optical USB Mouse - Black/Grey,https://www.microcenter.com/product/613559/raspberry-pi-official-raspberry-pi-optical-usb-mouse-black-grey,7.99,In Stock,Usually ships,Accessory,,Raspberry Pi,,7.99,False,True,
2025-10-15,6825,Raspberry Pi Official Raspberry Pi Optical USB Mouse - Black/Grey,https://www.microcenter.com/product/613559/raspberry-pi-official-raspberry-pi-optical-usb-mouse-black-grey,7.99,In Stock,Usually ships,Accessory,,Raspberry Pi,,7.99,False,True,
2025-10-13,690578,Raspberry Pi 5 M.2 Hat,https://www.microcenter.com/product/671943/raspberry-pi-5-m2-hat,17.99,Buy In Store,In-Store Pickup,Pi 5,,Raspberry Pi,,17.99,False,True,
2025-10-15,690578,Raspberry Pi 5 M.2 Hat,https://www.microcenter.com/product/671943/raspberry-pi-5-m2-hat,17.99,Buy In Store,In-Store Pickup,Pi 5,,Raspberry Pi,,17.99,False,True,
2025-10-13,698605,Raspberry Pi Zero WH - with Pre-Soldered Headers;  Broadcom BCM2835 Microprocessor;  512MB RAM;  Bluetooth 4.1;  Mini HDMI and USB On-The-Go ports,https://www.microcenter.com/product/502843/raspberry-pi-zero-wh-with-pre-soldered-headers,15.99,Buy In Store,Buy In Store,Accessory,0.5,Raspberry Pi,,15.99,False,True,
2025-10-15,698605,Raspberry Pi Zero WH - with Pre-Soldered Headers;  Broadcom BCM2835 Microprocessor;  512MB RAM;  Bluetooth 4.1;  Mini HDMI and USB On-The-Go ports,https://www.microcenter.com/product/502843/raspberry-pi-zero-wh-with-pre-soldered-headers,15.99,Buy In Store,Buy In Store,Accessory,0.5,Raspberry Pi,,15.99,False,True,
2025-10-13,713586,Raspberry Pi Sense HAT,https://www.microcenter.com/product/681577/raspberry-pi-sense-hat,29.99,In Stock,Usually ships,Accessory,,Raspberry Pi,,29.99,False,True,
2025-10-15,713586,Raspberry Pi Sense HAT,https://www.microcenter.com/product/681577/raspberry-pi-sense-hat,29.99,In Stock,Usually ships,Accessory,,Raspberry Pi,,29.99,False,True,
2025-10-13,720128,Raspberry Pi 5 Desktop Kit - 8GB,https://www.microcenter.com/product/682123/raspberry-pi-5-desktop-kit-8gb,139.99,Buy In Store,In-Store Pickup,Pi 5,8.0,Raspberry Pi,,139.99,False,True,
2025-10-15,720128,Raspberry Pi 5 Desktop Kit - 8GB,https://www.microcenter.com/product/682123/raspberry-pi-5-desktop-kit-8gb,139.99,Buy In Store,In-Store Pickup,Pi 5,8.0,Raspberry Pi,,139.99,False,True,
2025-10-13,733642,Raspberry Pi Pico 2;  Dual ARM Cortex M33 Processor;  520KB RAM,https://www.microcenter.com/product/683268/raspberry-pi-pico-2,3.99,In Stock,Usually ships,Pico 2,,Raspberry Pi,,3.99,False,True,
2025-10-15,733642,Raspberry Pi Pico 2;  Dual ARM Cortex M33 Processor;  520KB RAM,https://www.microcenter.com/product/683268/raspberry-pi-pico-2,3.99,In Stock,Usually ships,Pico 2,,Raspberry Pi,,3.99,False,True,
2025-10-13,734038,Raspberry Pi AI Camera,https://www.microcenter.com/product/683271/raspberry-pi-ai-camera,77.99,In Stock,Usually ships,Accessory,,Raspberry Pi,,77.99,False,True,
2025-10-15,734038,Raspberry Pi AI Camera,https://www.microcenter.com/product/683271/raspberry-pi-ai-camera,77.99,In Stock,Usually ships,Accessory,,Raspberry Pi,,77.99,False,True,
2025-10-13,734046,Raspberry Pi USB 3.0 Hub USB C,https://www.microcenter.com/product/683363/raspberry-pi-usb-30-hub-usb-c,14.99,In Stock,Usually ships,Accessory,,Raspberry Pi,,14.99,False,True,
2025-10-15,734046,Raspberry Pi USB 3.0 Hub USB C,https://www.microcenter.com/product/683363/raspberry-pi-usb-30-hub-usb-c,14.99,In Stock,Usually ships,Accessory,,Raspberry Pi,,14.99,False,True,
2025-10-13,734053,Raspberry Pi 5;  Broadcom BCM2712 Quad-Core Cortex-A76;  2GB LPDDR4X RAM,https://www.microcenter.com/product/683269/raspberry-pi-5,39.99,Buy In Store,In-Store Pickup,Pi 5,2.0,Raspberry Pi,,39.99,False,True,
2025-10-15,734053,Raspberry Pi 5;  Broadcom BCM2712 Quad-Core Cortex-A76;  2GB LPDDR4X RAM,https://www.microcenter.com/product/683269/raspberry-pi-5,39.99,Buy In Store,In-Store Pickup,Pi 5,2.0,Raspberry Pi,,39.99,False,True,
2025-10-13,734152,Raspberry Pi Raspberry Pi Zero W 2 with Headers,https://www.microcenter.com/product/683270/raspberry-pi-raspberry-pi-zero-w-2-with-headers,17.99,Buy In Store,In-Store Pickup,Accessory,,Raspberry Pi,,17.99,False,True,
2025-10-15,734152,Raspberry Pi Raspberry Pi Zero W 2 with Headers,https://www.microcenter.com/product/683270/raspberry-pi-raspberry-pi-zero-w-2-with-headers,17.99,Buy In Store,In-Store Pickup,Accessory,,Raspberry Pi,,17.99,False,True,
2025-10-13,740027,Raspberry Pi 5 4GB Starter Kit - With Official Accessories,https://www.microcenter.com/product/683915/raspberry-pi-5-4gb-starter-kit-with-official-accessories,129.99,In Stock,Usually ships,Pi 5,4.0,Raspberry Pi,,129.99,False,True,
2025-10-15,740027,Raspberry Pi 5 4GB Starter Kit - With Official Accessories,https://www.microcenter.com/product/683915/raspberry-pi-5-4gb-starter-kit-with-official-accessories,129.99,In Stock,Usually ships,Pi 5,4.0,Raspberry Pi,,129.99,False,True,
2025-10-13,740035,Raspberry Pi 5 8GB - Ultimate Kit,https://www.microcenter.com/product/683916/raspberry-pi-5-8gb-ultimate-kit,159.99,In Stock,Usually ships,Pi 5,8.0,Raspberry Pi,,159.99,False,True,
2025-10-15,740035,Raspberry Pi 5 8GB - Ultimate Kit,https://www.microcenter.com/product/683916/raspberry-pi-5-8gb-ultimate-kit,159.99,In Stock,Usually ships,Pi 5,8.0,Raspberry Pi,,159.99,False,True,
2025-10-13,740639,Raspberry Pi 4 Accessories Kit,https://www.microcenter.com/product/683904/raspberry-pi-4-accessories-kit,34.99,In Stock,Usually ships,Pi 4,,Raspberry Pi,,34.99,False,True,
2025-10-15,740639,Raspberry Pi 4 Accessories Kit,https://www.microcenter.com/product/683904/raspberry-pi-4-accessories-kit,34.99,In Stock,Usually ships,Pi 4,,Raspberry Pi,,34.99,False,True,
2025-10-13,740647,Raspberry Pi 5 Accessories Kit,https://www.microcenter.com/product/683905/raspberry-pi-5-accessories-kit,44.99,In Stock,Usually ships,Pi 5,,Raspberry Pi,,44.99,False,True,
2025-10-15,740647,Raspberry Pi 5 Accessories Kit,https://www.microcenter.com/product/683905/raspberry-pi-5-accessories-kit,44.99,In Stock,Usually ships,Pi 5,,Raspberry Pi,,44.99,False,True,
2025-10-13,772558,Raspberry Pi AI Hat Plus 13 TOPS,https://www.microcenter.com/product/687346/raspberry-pi-ai-hat-plus-13-tops,69.99,In Stock,Usually ships,Accessory,,Raspberry Pi,,69.99,False,True,
2025-10-15,772558,Raspberry Pi AI Hat Plus 13 TOPS,https://www.microcenter.com/product/687346/raspberry-pi-ai-hat-plus-13-tops,69.99,In Stock,Usually ships,Accessory,,Raspberry Pi,,69.99,False,True,
2025-10-13,772574,Raspberry Pi AI Hat 26 Tops,https://www.microcenter.com/product/687348/raspberry-pi-ai-hat-26-tops,109.99,In Stock,Usually ships,Accessory,,Raspberry Pi,,109.99,False,True,
2025-10-15,772574,Raspberry Pi AI Hat 26 Tops,https://www.microcenter.com/product/687348/raspberry-pi-ai-hat-26-tops,109.99,In Stock,Usually ships,Accessory,,Raspberry Pi,,109.99,False,True,
2025-10-13,772582,Raspberry Pi Touch Display 2,https://www.microcenter.com/product/687338/raspberry-pi-touch-display-2,99.99,In Stock,Usually ships,Accessory,,Raspberry Pi,,99.99,False,True,
2025-10-15,772582,Raspberry Pi Touch Display 2,https://www.microcenter.com/product/687338/raspberry-pi-touch-display-2,99.99,In Stock,Usually ships,Accessory,,Raspberry Pi,,99.99,False,True,
2025-10-13,772590,Raspberry Pi 15.6 in Full HD IPS Monitor,https://www.microcenter.com/product/687351/raspberry-pi-156-in-full-hd-ips-monitor,99.99,In Stock,Usually ships,Accessory,,Raspberry Pi,,99.99,False,True,
2025-10-15,772590,Raspberry Pi 15.6 in Full HD IPS Monitor,https://www.microcenter.com/product/687351/raspberry-pi-156-in-full-hd-ips-monitor,99.99,In Stock,Usually ships,Accessory,,Raspberry Pi,,99.99,False,True,
2025-10-13,773630,Raspberry Pi Bumper,https://www.microcenter.com/product/687340/raspberry-pi-bumper,3.99,In Stock,Usually ships,Accessory,,Raspberry Pi,,3.99,False,True,
2025-10-15,773630,Raspberry Pi Bumper,https://www.microcenter.com/product/687340/raspberry-pi-bumper,3.99,In Stock,Usually ships,Accessory,,Raspberry Pi,,3.99,False,True,
2025-10-13,773648,Raspberry Pi 256GB SSD Kit,https://www.microcenter.com/product/687343/raspberry-pi-256gb-ssd-kit,54.99,In Stock,Usually ships,Accessory,,Raspberry Pi,,54.99,False,True,
2025-10-15,773648,Raspberry Pi 256GB SSD Kit,https://www.microcenter.com/product/687343/raspberry-pi-256gb-ssd-kit,54.99,In Stock,Usually ships,Accessory,,Raspberry Pi,,54.99,False,True,
2025-10-13,773655,Raspberry Pi 512GB NVME Kit,https://www.microcenter.com/product/687344/raspberry-pi-512gb-nvme-kit,79.99,In Stock,Usually ships,Pi 5,512.0,Raspberry Pi,,79.99,False,True,
2025-10-15,773655,Raspberry Pi 512GB NVME Kit,https://www.microcenter.com/product/687344/raspberry-pi-512gb-nvme-kit,79.99,In Stock,Usually ships,Pi 5,512.0,Raspberry Pi,,79.99,False,True,
2025-10-13,774067,Raspberry Pi Pico 2 W,https://www.microcenter.com/product/687384/raspberry-pi-pico-2-w,5.99,Buy In Store,In-Store Pickup,Pico 2,,Raspberry Pi,,5.99,False,True,
2025-10-15,774067,Raspberry Pi Pico 2 W,https://www.microcenter.com/product/687384/raspberry-pi-pico-2-w,5.99,Buy In Store,In-Store Pickup,Pico 2,,Raspberry Pi,,5.99,False,True,
2025-10-13,774075,Raspberry Pi CM5 Development Kit,https://www.microcenter.com/product/687368/raspberry-pi-cm5-development-kit,129.99,Buy In Store,In-Store Pickup,Accessory,,Raspberry Pi,,129.99,False,True,
2025-10-15,774075,Raspberry Pi CM5 Development Kit,https://www.microcenter.com/product/687368/raspberry-pi-cm5-development-kit,129.99,Buy In Store,In-Store Pickup,Accessory,,Raspberry Pi,,129.99,False,True,
2025-10-13,783308,Raspberry Pi 32GB A2 SD Card and Card Reader,https://www.microcenter.com/product/687676/raspberry-pi-32gb-a2-sd-card-and-card-reader,14.99,In Stock,Usually ships,Pi 3,,Raspberry Pi,,14.99,False,True,
2025-10-15,783308,Raspberry Pi 32GB A2 SD Card and Card Reader,https://www.microcenter.com/product/687676/raspberry-pi-32gb-a2-sd-card-and-card-reader,14.99,In Stock,Usually ships,Pi 3,,Raspberry Pi,,14.99,False,True,
2025-10-13,783316,Raspberry Pi 64GB Card/Reader Kit,https://www.microcenter.com/product/687677/raspberry-pi-64gb-card-reader-kit,19.99,In Stock,Usually ships,Accessory,,Raspberry Pi,,19.99,False,True,
2025-10-15,783316,Raspberry Pi 64GB Card/Reader Kit,https://www.microcenter.com/product/687677/raspberry-pi-64gb-card-reader-kit,19.99,In Stock,Usually ships,Accessory,,Raspberry Pi,,19.99,False,True,
2025-10-13,783902,Raspberry Pi 500 - Unit Only,https://www.microcenter.com/product/688716/raspberry-pi-500-unit-only,89.99,In Stock,Usually ships,Pi 5,,Raspberry Pi,,89.99,False,True,
2025-10-15,783902,Raspberry Pi 500 - Unit Only,https://www.microcenter.com/product/688716/raspberry-pi-500-unit-only,89.99,In Stock,Usually ships,Pi 5,,Raspberry Pi,,89.99,False,True,
2025-10-13,783910,Raspberry Pi 500 Kit,https://www.microcenter.com/product/688717/raspberry-pi-500-kit,119.99,In Stock,Usually ships,Pi 5,,Raspberry Pi,,119.99,False,True,
2025-10-15,783910,Raspberry Pi 500 Kit,https://www.microcenter.com/product/688717/raspberry-pi-500-kit,119.99,In Stock,Usually ships,Pi 5,,Raspberry Pi,,119.99,False,True,
2025-10-15,784058,Raspberry Pi POE for Pi 3B and 4B,https://www.microcenter.com/product/688720/raspberry-pi-poe-for-pi-3b-and-4b,25.99,In Stock,Usually ships,Accessory,,Raspberry Pi,,25.99,False,True,
2025-10-13,795484,"Raspberry Pi 7"" Pi Touchscreen LCD Display",https://www.microcenter.com/product/689848/raspberry-pi-7-pi-touchscreen-lcd-display,59.99,In Stock,Usually ships,Accessory,,Raspberry Pi,,59.99,False,True,
2025-10-15,795484,"Raspberry Pi 7"" Pi Touchscreen LCD Display",https://www.microcenter.com/product/689848/raspberry-pi-7-pi-touchscreen-lcd-display,59.99,In Stock,Usually ships,Accessory,,Raspberry Pi,,59.99,False,True,
2025-10-13,812891,Raspberry Pi Carbon Removal Credits,https://www.microcenter.com/product/690618/raspberry-pi-carbon-removal-credits,3.99,In Stock,Usually ships,Accessory,,Raspberry Pi,,3.99,False,True,
2025-10-15,812891,Raspberry Pi Carbon Removal Credits,https://www.microcenter.com/product/690618/raspberry-pi-carbon-removal-credits,3.99,In Stock,Usually ships,Accessory,,Raspberry Pi,,3.99,False,True,
2025-10-13,826859,Raspberry Pi Mini HDMI Male to HDMI Female - 0.5 ft,https://www.microcenter.com/product/690852/raspberry-pi-mini-hdmi-male-to-hdmi-female-05-ft,3.99,In Stock,Usually ships,Accessory,,Raspberry Pi,,3.99,False,True,
2025-10-15,826859,Raspberry Pi Mini HDMI Male to HDMI Female - 0.5 ft,https://www.microcenter.com/product/690852/raspberry-pi-mini-hdmi-male-to-hdmi-female-05-ft,3.99,In Stock,Usually ships,Accessory,,Raspberry Pi,,3.99,False,True,
2025-10-13,826867,Raspberry Pi White Mini HDMI to HDMI - 1 meter,https://www.microcenter.com/product/690853/raspberry-pi-white-mini-hdmi-to-hdmi-1-meter,3.99,In Stock,Usually ships,Accessory,,Raspberry Pi,,3.99,False,True,
2025-10-15,826867,Raspberry Pi White Mini HDMI to HDMI - 1 meter,https://www.microcenter.com/product/690853/raspberry-pi-white-mini-hdmi-to-hdmi-1-meter,3.99,In Stock,Usually ships,Accessory,,Raspberry Pi,,3.99,False,True,
2025-10-13,826875,Raspberry Pi White HDMI Cable - 2 meters,https://www.microcenter.com/product/690850/raspberry-pi-white-hdmi-cable-2-meters,4.99,In Stock,Usually ships,Accessory,,Raspberry Pi,,4.99,False,True,
2025-10-15,826875,Raspberry Pi White HDMI Cable - 2 meters,https://www.microcenter.com/product/690850/raspberry-pi-white-hdmi-cable-2-meters,4.99,In Stock,Usually ships,Accessory,,Raspberry Pi,,4.99,False,True,
2025-10-13,826883,Raspberry Pi Micro HDMI Male to HDMI Female Adapter (23cm) - White,https://www.microcenter.com/product/690851/raspberry-pi-micro-hdmi-male-to-hdmi-female-adapter-(23cm)-white,6.99,In Stock,Usually ships,Accessory,,Raspberry Pi,,6.99,False,True,
2025-10-15,826883,Raspberry Pi Micro HDMI Male to HDMI Female Adapter (23cm) - White,https://www.microcenter.com/product/690851/raspberry-pi-micro-hdmi-male-to-hdmi-female-adapter-(23cm)-white,6.99,In Stock,Usually ships,Accessory,,Raspberry Pi,,6.99,False,True,
2025-10-13,828988,Raspberry Pi Pico 2 with Header;  Dual ARM Cortex M33 Processor;  520KB RAM,https://www.microcenter.com/product/692333/raspberry-pi-pico-2-with-header,4.99,In Stock,Usually ships,Pico 2,,Raspberry Pi,,4.99,False,True,
2025-10-15,828988,Raspberry Pi Pico 2 with Header;  Dual ARM Cortex M33 Processor;  520KB RAM,https://www.microcenter.com/product/692333/raspberry-pi-pico-2-with-header,4.99,In Stock,Usually ships,Pico 2,,Raspberry Pi,,4.99,False,True,
2025-10-13,828996,Raspberry Pi Pico 2W with Header,https://www.microcenter.com/product/692334/raspberry-pi-pico-2w-with-header,6.99,Buy In Store,In-Store Pickup,Pico 2,,Raspberry Pi,,6.99,False,True,
2025-10-15,828996,Raspberry Pi Pico 2W with Header,https://www.microcenter.com/product/692334/raspberry-pi-pico-2w-with-header,6.99,Buy In Store,In-Store Pickup,Pico 2,,Raspberry Pi,,6.99,False,True,
2025-10-13,829002,Raspberry Pi 45W USB-C Power Supply,https://www.microcenter.com/product/692335/raspberry-pi-45w-usb-c-power-supply,14.99,Buy In Store,In-Store Pickup,Pi 4,,Raspberry Pi,,14.99,False,True,
2025-10-15,829002,Raspberry Pi 45W USB-C Power Supply,https://www.microcenter.com/product/692335/raspberry-pi-45w-usb-c-power-supply,14.99,Buy In Store,In-Store Pickup,Pi 4,,Raspberry Pi,,14.99,False,True,
2025-10-13,829283,Raspberry Pi PoE Injector,https://www.microcenter.com/product/692332/raspberry-pi-poe-injector,39.99,In Stock,Usually ships,Accessory,,Raspberry Pi,,39.99,False,True,
2025-10-15,829283,Raspberry Pi PoE Injector,https://www.microcenter.com/product/692332/raspberry-pi-poe-injector,39.99,In Stock,Usually ships,Accessory,,Raspberry Pi,,39.99,False,True,
2025-10-13,850289,Raspberry Pi 3 Model A+ Board;  Broadcom BCM2837B0 64bit ARM Cortex-53 Quad Core Processor @ 1.4GHz;  512MB Onboard Memory,https://www.microcenter.com/product/514076/raspberry-pi-3-model-a-board,24.99,Buy In Store,Buy In Store,Pi 3,0.5,Raspberry Pi,,24.99,False,True,
2025-10-15,850289,Raspberry Pi 3 Model A+ Board;  Broadcom BCM2837B0 64bit ARM Cortex-53 Quad Core Processor @ 1.4GHz;  512MB Onboard Memory,https://www.microcenter.com/product/514076/raspberry-pi-3-model-a-board,24.99,Buy In Store,Buy In Store,Pi 3,0.5,Raspberry Pi,,24.99,False,True,
2025-10-13,865022,Raspberry Pi 3 Model A+ Official Case - White/Red,https://www.microcenter.com/product/600892/raspberry-pi-3-model-a-official-case-white-red,4.99,In Stock,Usually ships,Pi 3,,Raspberry Pi,,4.99,False,True,
2025-10-15,865022,Raspberry Pi 3 Model A+ Official Case - White/Red,https://www.microcenter.com/product/600892/raspberry-pi-3-model-a-official-case-white-red,4.99,In Stock,Usually ships,Pi 3,,Raspberry Pi,,4.99,False,True,
2025-10-13,87288,Raspberry Pi 16mm Telephoto Lens for HQ Camera;  16mm Focal length;  F1.4 - 16 Aperture,https://www.microcenter.com/product/621304/raspberry-pi-16mm-telephoto-lens-for-hq-camera,78.99,Buy In Store,In-Store Pickup,Accessory,,Raspberry Pi,,78.99,False,True,
2025-10-15,87288,Raspberry Pi 16mm Telephoto Lens for HQ Camera;  16mm Focal length;  F1.4 - 16 Aperture,https://www.microcenter.com/product/621304/raspberry-pi-16mm-telephoto-lens-for-hq-camera,78.99,Buy In Store,In-Store Pickup,Accessory,,Raspberry Pi,,78.99,False,True,
2025-10-13,872945,Raspberry Pi 3 Model B+,https://www.microcenter.com/product/601561/raspberry-pi-3-model-b,34.99,Buy In Store,Buy In Store,Pi 3,,Raspberry Pi,,34.99,False,True,
2025-10-15,872945,Raspberry Pi 3 Model B+,https://www.microcenter.com/product/601561/raspberry-pi-3-model-b,34.99,Buy In Store,Buy In Store,Pi 3,,Raspberry Pi,,34.99,False,True,
2025-10-13,87320,Raspberry Pi 4 Model B;  Broadcom BCM2711 Quad core Cortex-A72 (ARM v8) 64-bit SoC;  2GB DDR4 RAM,https://www.microcenter.com/product/621439/raspberry-pi-4-model-b,44.99,Buy In Store,Buy In Store,Pi 4,2.0,Raspberry Pi,,44.99,False,True,
2025-10-15,87320,Raspberry Pi 4 Model B;  Broadcom BCM2711 Quad core Cortex-A72 (ARM v8) 64-bit SoC;  2GB DDR4 RAM,https://www.microcenter.com/product/621439/raspberry-pi-4-model-b,44.99,Buy In Store,Buy In Store,Pi 4,2.0,Raspberry Pi,,44.99,False,True,
2025-10-13,892919,Raspberry Pi Mouse 2 - (White),https://www.microcenter.com/product/697848/raspberry-pi-mouse-2-(white),7.99,In Stock,Usually ships,Accessory,,Raspberry Pi,,7.99,False,True,
2025-10-15,892919,Raspberry Pi Mouse 2 - (White),https://www.microcenter.com/product/697848/raspberry-pi-mouse-2-(white),7.99,In Stock,Usually ships,Accessory,,Raspberry Pi,,7.99,False,True,
2025-10-13,892984,Raspberry Pi M.2 HAT+ (Compact),https://www.microcenter.com/product/697844/raspberry-pi-m2-hat-(compact),14.99,Buy In Store,Buy In Store,Accessory,,Raspberry Pi,,14.99,False,True,
2025-10-15,892984,Raspberry Pi M.2 HAT+ (Compact),https://www.microcenter.com/product/697844/raspberry-pi-m2-hat-(compact),14.99,Buy In Store,Buy In Store,Accessory,,Raspberry Pi,,14.99,False,True,
2025-10-13,917096,Raspberry Pi 500 PLUS,https://www.microcenter.com/product/699777/raspberry-pi-500-plus,179.99,Buy In Store,Buy In Store,Pi 5,,Raspberry Pi,,179.99,False,True,
2025-10-15,917096,Raspberry Pi 500 PLUS,https://www.microcenter.com/product/699777/raspberry-pi-500-plus,179.99,Buy In Store,Buy In Store,Pi 5,,Raspberry Pi,,179.99,False,True,
2025-10-13,917112,Raspberry Pi RASPBERRY PI 500 PLUS KIT,https://www.microcenter.com/product/699778/raspberry-pi-raspberry-pi-500-plus-kit,199.99,Buy In Store,Buy In Store,Pi 5,,Raspberry Pi,,199.99,False,True,
2025-10-15,917112,Raspberry Pi RASPBERRY PI 500 PLUS KIT,https://www.microcenter.com/product/699778/raspberry-pi-raspberry-pi-500-plus-kit,199.99,Buy In Store,Buy In Store,Pi 5,,Raspberry Pi,,199.99,False,True,
2025-10-13,938035,Raspberry Pi 5;  ARM Cortex A76 Quad Core Processor;  16GB LPDDR4X RAM,https://www.microcenter.com/product/702590/raspberry-pi-5,99.99,Buy In Store,In-Store Pickup,Pi 5,16.0,Raspberry Pi,,99.99,False,True,
2025-10-15,938035,Raspberry Pi 5;  ARM Cortex A76 Quad Core Processor;  16GB LPDDR4X RAM,https://www.microcenter.com/product/702590/raspberry-pi-5,99.99,Buy In Store,In-Store Pickup,Pi 5,16.0,Raspberry Pi,,99.99,False,True,
2025-10-13,950097,Raspberry Pi 4 Official 15W Power Supply US - White;  5.1V / 3.0A DC output;  96-264Vac operating input range;  Short circuit/overcurrent/over temperature protection,https://www.microcenter.com/product/608169/raspberry-pi-4-official-15w-power-supply-us-white,7.99,In Stock,Usually ships,Pi 4,,Raspberry Pi,,7.99,False,True,
2025-10-15,950097,Raspberry Pi 4 Official 15W Power Supply US - White;  5.1V / 3.0A DC output;  96-264Vac operating input range;  Short circuit/overcurrent/over temperature protection,https://www.microcenter.com/product/608169/raspberry-pi-4-official-15w-power-supply-us-white,7.99,In Stock,Usually ships,Pi 4,,Raspberry Pi,,7.99,False,True,
2025-10-13,950105,Raspberry Pi 4 Official 15W Power Supply US - Black;  5.1V / 3.0A DC output;  96-264Vac operating input range;  Short circuit/overcurrent/over temperature protection,https://www.microcenter.com/product/608170/raspberry-pi-4-official-15w-power-supply-us-black,7.99,In Stock,Usually ships,Pi 4,,Raspberry Pi,,7.99,False,True,
2025-10-15,950105,Raspberry Pi 4 Official 15W Power Supply US - Black;  5.1V / 3.0A DC output;  96-264Vac operating input range;  Short circuit/overcurrent/over temperature protection,https://www.microcenter.com/product/608170/raspberry-pi-4-official-15w-power-supply-us-black,7.99,In Stock,Usually ships,Pi 4,,Raspberry Pi,,7.99,False,True,
2025-10-13,950113,Raspberry Pi 4 Official Case - Red/White,https://www.microcenter.com/product/608178/raspberry-pi-4-official-case-red-white,4.99,In Stock,Usually ships,Pi 4,,Raspberry Pi,,4.99,False,True,
2025-10-15,950113,Raspberry Pi 4 Official Case - Red/White,https://www.microcenter.com/product/608178/raspberry-pi-4-official-case-red-white,4.99,In Stock,Usually ships,Pi 4,,Raspberry Pi,,4.99,False,True,
2025-10-13,950121,Raspberry Pi 4 Official Case - Black/Gray,https://www.microcenter.com/product/608179/raspberry-pi-4-official-case-black-gray,4.99,In Stock,Usually ships,Pi 4,,Raspberry Pi,,4.99,False,True,
2025-10-15,950121,Raspberry Pi 4 Official Case - Black/Gray,https://www.microcenter.com/product/608179/raspberry-pi-4-official-case-black-gray,4.99,In Stock,Usually ships,Pi 4,,Raspberry Pi,,4.99,False,True,
2025-10-13,950402,"Raspberry Pi Micro-HDMI to Standard HDMI (A/M), 1m cable","https://www.microcenter.com/product/608177/raspberry-pi-micro-hdmi-to-standard-hdmi-(a-m),-1m-cable",7.99,In Stock,Usually ships,Accessory,,Raspberry Pi,,7.99,False,True,
2025-10-15,950402,"Raspberry Pi Micro-HDMI to Standard HDMI (A/M), 1m cable","https://www.microcenter.com/product/608177/raspberry-pi-micro-hdmi-to-standard-hdmi-(a-m),-1m-cable",7.99,In Stock,Usually ships,Accessory,,Raspberry Pi,,7.99,False,True,
2025-10-13,991380,Raspberry Pi Model 3 Model B Case,https://www.microcenter.com/product/461222/raspberry-pi-model-3-model-b-case,8.99,In Stock,Usually ships,Accessory,,Raspberry Pi,,8.99,False,True,
2025-10-15,991380,Raspberry Pi Model 3 Model B Case,https://www.microcenter.com/product/461222/raspberry-pi-model-3-model-b-case,8.99,In Stock,Usually ships,Accessory,,Raspberry Pi,,8.99,False,True,
2025-10-13,99788,Raspberry Pi 4 Model B;  Broadcom BCM2711 Quad core Cortex-A72 (ARM v8) 64-bit SoC;  8GB DDR4 RAM,https://www.microcenter.com/product/622539/raspberry-pi-4-model-b,74.99,Buy In Store,Buy In Store,Pi 4,8.0,Raspberry Pi,,74.99,False,True,
2025-10-15,99788,Raspberry Pi 4 Model B;  Broadcom BCM2711 Quad core Cortex-A72 (ARM v8) 64-bit SoC;  8GB DDR4 RAM,https://www.microcenter.com/product/622539/raspberry-pi-4-model-b,74.99,Buy In Store,Buy In Store,Pi 4,8.0,Raspberry Pi,,74.99,False,True,
2025-10-12,999001,Raspberry Pi 4 4GB Board,https://example.com/p1,54.99,In Stock,In stock,Pi 4,4.0,Raspberry Pi,,54.99,False,True,
2025-10-13,999001,Raspberry Pi 4 4GB Board,https://www.microcenter.com/product/622539/raspberry-pi-4-model-b-4gb-single-board-computer,54.99,In Stock,In stock,Pi 4,4.0,Raspberry Pi,,54.99,False,True,
2025-10-14,999001,Raspberry Pi 4 4GB Board,https://www.microcenter.com/product/622539/raspberry-pi-4-model-b-4gb-single-board-computer,54.99,In Stock,In stock,Pi 4,4.0,Raspberry Pi,54.99,54.99,False,True,0.0
2025-10-16,999001,Raspberry Pi 4 4GB Board,https://www.microcenter.com/product/622539/raspberry-pi-4-model-b-4gb-single-board-computer,54.99,In Stock,In stock,Pi 4,4.0,Raspberry Pi,54.99,54.99,False,True,0.0
2025-10-17,999001,Raspberry Pi 4 4GB Board,https://www.microcenter.com/product/622539/raspberry-pi-4-model-b-4gb-single-board-computer,54.99,In Stock,In stock,Pi 4,4.0,Raspberry Pi,54.99,54.99,False,True,0.0
2025-10-18,999001,Raspberry Pi 4 4GB Board,https://www.microcenter.com/product/622539/raspberry-pi-4-model-b-4gb-single-board-computer,54.99,In Stock,In stock,Pi 4,4.0,Raspberry Pi,54.99,54.99,False,True,0.0
2025-10-19,999001,Raspberry Pi 4 4GB Board,https://www.microcenter.com/product/622539/raspberry-pi-4-model-b-4gb-single-board-computer,54.99,In Stock,In stock,Pi 4,4.0,Raspberry Pi,54.99,54.99,False,True,0.0
2025-10-20,999001,Raspberry Pi 4 4GB Board,https://www.microcenter.com/product/622539/raspberry-pi-4-model-b-4gb-single-board-computer,54.99,In Stock,In stock,Pi 4,4.0,Raspberry Pi,54.99,54.99,False,True,0.0
2025-10-21,999001,Raspberry Pi 4 4GB Board,https://www.microcenter.com/product/622539/raspberry-pi-4-model-b-4gb-single-board-computer,54.99,In Stock,In stock,Pi 4,4.0,Raspberry Pi,54.99,54.99,False,True,0.0
2025-10-22,999001,Raspberry Pi 4 4GB Board,https://www.microcenter.com/product/622539/raspberry-pi-4-model-b-4gb-single-board-computer,54.99,In Stock,In stock,Pi 4,4.0,Raspberry Pi,54.99,54.99,False,True,0.0
2025-10-23,999001,Raspberry Pi 4 4GB Board,https://www.microcenter.com/product/622539/raspberry-pi-4-model-b-4gb-single-board-computer,54.99,In Stock,In stock,Pi 4,4.0,Raspberry Pi,54.99,54.99,False,True,0.0
2025-10-24,999001,Raspberry Pi 4 4GB Board,https://www.microcenter.com/product/622539/raspberry-pi-4-model-b-4gb-single-board-computer,54.99,In Stock,In stock,Pi 4,4.0,Raspberry Pi,54.99,54.99,False,True,0.0
2025-10-25,999001,Raspberry Pi 4 4GB Board,https://www.microcenter.com/product/622539/raspberry-pi-4-model-b-4gb-single-board-computer,54.99,In Stock,In stock,Pi 4,4.0,Raspberry Pi,54.99,54.99,False,True,0.0
2025-10-26,999001,Raspberry Pi 4 4GB Board,https://www.microcenter.com/product/622539/raspberry-pi-4-model-b-4gb-single-board-computer,54.99,In Stock,In stock,Pi 4,4.0,Raspberry Pi,54.99,54.99,False,True,0.0
2025-10-27,999001,Raspberry Pi 4 4GB Board,https://www.microcenter.com/product/622539/raspberry-pi-4-model-b-4gb-single-board-computer,54.99,In Stock,In stock,Pi 4,4.0,Raspberry Pi,54.99,54.99,False,True,0.0
2025-10-28,999001,Raspberry Pi 4 4GB Board,https://www.microcenter.com/product/622539/raspberry-pi-4-model-b-4gb-single-board-computer,54.99,In Stock,In stock,Pi 4,4.0,Raspberry Pi,54.99,54.99,False,True,0.0
2025-10-29,999001,Raspberry Pi 4 4GB Board,https://www.microcenter.com/product/622539/raspberry-pi-4-model-b-4gb-single-board-computer,54.99,In Stock,In stock,Pi 4,4.0,Raspberry Pi,54.99,54.99,False,True,0.0
2025-10-30,999001,Raspberry Pi 4 4GB Board,https://www.microcenter.com/product/622539/raspberry-pi-4-model-b-4gb-single-board-computer,54.99,In Stock,In stock,Pi 4,4.0,Raspberry Pi,54.99,54.99,False,True,0.0
2025-10-31,999001,Raspberry Pi 4 4GB Board,https://www.microcenter.com/product/622539/raspberry-pi-4-model-b-4gb-single-board-computer,54.99,In Stock,In stock,Pi 4,4.0,Raspberry Pi,54.99,54.99,False,True,0.0
2025-11-01,999001,Raspberry Pi 4 4GB Board,https://www.microcenter.com/product/622539/raspberry-pi-4-model-b-4gb-single-board-computer,54.99,In Stock,In stock,Pi 4,4.0,Raspberry Pi,54.99,54.99,False,True,0.0
2025-10-12,999002,Raspberry Pi 5 8GB Board,https://example.com/p2,79.99,Buy In Store,In-Store Only,Pi 5,8.0,Raspberry Pi,,79.99,False,True,
2025-10-13,999002,Raspberry Pi 5 8GB Board,https://www.microcenter.com/product/700975/raspberry-pi-5-8gb-single-board-computer,79.99,Buy In Store,In-Store Only,Pi 5,8.0,Raspberry Pi,,79.99,False,True,
2025-10-14,999002,Raspberry Pi 5 8GB Board,https://www.microcenter.com/product/700975/raspberry-pi-5-8gb-single-board-computer,79.99,Buy In Store,In-Store Only,Pi 5,8.0,Raspberry Pi,79.99,79.99,False,True,0.0
2025-10-16,999002,Raspberry Pi 5 8GB Board,https://www.microcenter.com/product/700975/raspberry-pi-5-8gb-single-board-computer,79.99,Buy In Store,In-Store Only,Pi 5,8.0,Raspberry Pi,79.99,79.99,False,True,0.0
2025-10-17,999002,Raspberry Pi 5 8GB Board,https://www.microcenter.com/product/700975/raspberry-pi-5-8gb-single-board-computer,79.99,Buy In Store,In-Store Only,Pi 5,8.0,Raspberry Pi,79.99,79.99,False,True,0.0
2025-10-18,999002,Raspberry Pi 5 8GB Board,https://www.microcenter.com/product/700975/raspberry-pi-5-8gb-single-board-computer,79.99,Buy In Store,In-Store Only,Pi 5,8.0,Raspberry Pi,79.99,79.99,False,True,0.0
2025-10-19,999002,Raspberry Pi 5 8GB Board,https://www.microcenter.com/product/700975/raspberry-pi-5-8gb-single-board-computer,79.99,Buy In Store,In-Store Only,Pi 5,8.0,Raspberry Pi,79.99,79.99,False,True,0.0
2025-10-20,999002,Raspberry Pi 5 8GB Board,https://www.microcenter.com/product/700975/raspberry-pi-5-8gb-single-board-computer,79.99,Buy In Store,In-Store Only,Pi 5,8.0,Raspberry Pi,79.99,79.99,False,True,0.0
2025-10-21,999002,Raspberry Pi 5 8GB Board,https://www.microcenter.com/product/700975/raspberry-pi-5-8gb-single-board-computer,79.99,Buy In Store,In-Store Only,Pi 5,8.0,Raspberry Pi,79.99,79.99,False,True,0.0
2025-10-22,999002,Raspberry Pi 5 8GB Board,https://www.microcenter.com/product/700975/raspberry-pi-5-8gb-single-board-computer,79.99,Buy In Store,In-Store Only,Pi 5,8.0,Raspberry Pi,79.99,79.99,False,True,0.0
2025-10-23,999002,Raspberry Pi 5 8GB Board,https://www.microcenter.com/product/700975/raspberry-pi-5-8gb-single-board-computer,79.99,Buy In Store,In-Store Only,Pi 5,8.0,Raspberry Pi,79.99,79.99,False,True,0.0
2025-10-24,999002,Raspberry Pi 5 8GB Board,https://www.microcenter.com/product/700975/raspberry-pi-5-8gb-single-board-computer,79.99,Buy In Store,In-Store Only,Pi 5,8.0,Raspberry Pi,79.99,79.99,False,True,0.0
2025-10-25,999002,Raspberry Pi 5 8GB Board,https://www.microcenter.com/product/700975/raspberry-pi-5-8gb-single-board-computer,79.99,Buy In Store,In-Store Only,Pi 5,8.0,Raspberry Pi,79.99,79.99,False,True,0.0
2025-10-26,999002,Raspberry Pi 5 8GB Board,https://www.microcenter.com/product/700975/raspberry-pi-5-8gb-single-board-computer,79.99,Buy In Store,In-Store Only,Pi 5,8.0,Raspberry Pi,79.99,79.99,False,True,0.0
2025-10-27,999002,Raspberry Pi 5 8GB Board,https://www.microcenter.com/product/700975/raspberry-pi-5-8gb-single-board-computer,79.99,Buy In Store,In-Store Only,Pi 5,8.0,Raspberry Pi,79.99,79.99,False,True,0.0
2025-10-28,999002,Raspberry Pi 5 8GB Board,https://www.microcenter.com/product/700975/raspberry-pi-5-8gb-single-board-computer,79.99,Buy In Store,In-Store Only,Pi 5,8.0,Raspberry Pi,79.99,79.99,False,True,0.0
2025-10-29,999002,Raspberry Pi 5 8GB Board,https://www.microcenter.com/product/700975/raspberry-pi-5-8gb-single-board-computer,79.99,Buy In Store,In-Store Only,Pi 5,8.0,Raspberry Pi,79.99,79.99,False,True,0.0
2025-10-30,999002,Raspberry Pi 5 8GB Board,https://www.microcenter.com/product/700975/raspberry-pi-5-8gb-single-board-computer,79.99,Buy In Store,In-Store Only,Pi 5,8.0,Raspberry Pi,79.99,79.99,False,True,0.0
2025-10-31,999002,Raspberry Pi 5 8GB Board,https://www.microcenter.com/product/700975/raspberry-pi-5-8gb-single-board-computer,79.99,Buy In Store,In-Store Only,Pi 5,8.0,Raspberry Pi,79.99,79.99,False,True,0.0
2025-11-01,999002,Raspberry Pi 5 8GB Board,https://www.microcenter.com/product/700975/raspberry-pi-5-8gb-single-board-computer,79.99,Buy In Store,In-Store Only,Pi 5,8.0,Raspberry Pi,79.99,79.99,False,True,0.0
2025-10-13,999003,Raspberry Pi 400 Personal Computer Kit,https://www.microcenter.com/product/630737/raspberry-pi-400-personal-computer-kit--us-keyboard-layout,99.99,In Stock,In stock,Pi 4,,Raspberry Pi,,99.99,False,True,
2025-10-14,999003,Raspberry Pi 400 Personal Computer Kit,https://www.microcenter.com/product/630737/raspberry-pi-400-personal-computer-kit--us-keyboard-layout,99.99,In Stock,In stock,Pi 4,,Raspberry Pi,,99.99,False,True,
2025-10-16,999003,Raspberry Pi 400 Personal Computer Kit,https://www.microcenter.com/product/630737/raspberry-pi-400-personal-computer-kit--us-keyboard-layout,99.99,In Stock,In stock,Pi 4,,Raspberry Pi,99.99,99.99,False,True,0.0
2025-10-17,999003,Raspberry Pi 400 Personal Computer Kit,https://www.microcenter.com/product/630737/raspberry-pi-400-personal-computer-kit--us-keyboard-layout,99.99,In Stock,In stock,Pi 4,,Raspberry Pi,99.99,99.99,False,True,0.0
2025-10-18,999003,Raspberry Pi 400 Personal Computer Kit,https://www.microcenter.com/product/630737/raspberry-pi-400-personal-computer-kit--us-keyboard-layout,99.99,In Stock,In stock,Pi 4,,Raspberry Pi,99.99,99.99,False,True,0.0
2025-10-19,999003,Raspberry Pi 400 Personal Computer Kit,https://www.microcenter.com/product/630737/raspberry-pi-400-personal-computer-kit--us-keyboard-layout,99.99,In Stock,In stock,Pi 4,,Raspberry Pi,99.99,99.99,False,True,0.0
2025-10-20,999003,Raspberry Pi 400 Personal Computer Kit,https://www.microcenter.com/product/630737/raspberry-pi-400-personal-computer-kit--us-keyboard-layout,99.99,In Stock,In stock,Pi 4,,Raspberry Pi,99.99,99.99,False,True,0.0
2025-10-21,999003,Raspberry Pi 400 Personal Computer Kit,https://www.microcenter.com/product/630737/raspberry-pi-400-personal-computer-kit--us-keyboard-layout,99.99,In Stock,In stock,Pi 4,,Raspberry Pi,99.99,99.99,False,True,0.0
2025-10-22,999003,Raspberry Pi 400 Personal Computer Kit,https://www.microcenter.com/product/630737/raspberry-pi-400-personal-computer-kit--us-keyboard-layout,99.99,In Stock,In stock,Pi 4,,Raspberry Pi,99.99,99.99,False,True,0.0
2025-10-23,999003,Raspberry Pi 400 Personal Computer Kit,https://www.microcenter.com/product/630737/raspberry-pi-400-personal-computer-kit--us-keyboard-layout,99.99,In Stock,In stock,Pi 4,,Raspberry Pi,99.99,99.99,False,True,0.0
2025-10-24,999003,Raspberry Pi 400 Personal Computer Kit,https://www.microcenter.com/product/630737/raspberry-pi-400-personal-computer-kit--us-keyboard-layout,99.99,In Stock,In stock,Pi 4,,Raspberry Pi,99.99,99.99,False,True,0.0
2025-10-25,999003,Raspberry Pi 400 Personal Computer Kit,https://www.microcenter.com/product/630737/raspberry-pi-400-personal-computer-kit--us-keyboard-layout,99.99,In Stock,In stock,Pi 4,,Raspberry Pi,99.99,99.99,False,True,0.0
2025-10-26,999003,Raspberry Pi 400 Personal Computer Kit,https://www.microcenter.com/product/630737/raspberry-pi-400-personal-computer-kit--us-keyboard-layout,99.99,In Stock,In stock,Pi 4,,Raspberry Pi,99.99,99.99,False,True,0.0
2025-10-27,999003,Raspberry Pi 400 Personal Computer Kit,https://www.microcenter.com/product/630737/raspberry-pi-400-personal-computer-kit--us-keyboard-layout,99.99,In Stock,In stock,Pi 4,,Raspberry Pi,99.99,99.99,False,True,0.0
2025-10-28,999003,Raspberry Pi 400 Personal Computer Kit,https://www.microcenter.com/product/630737/raspberry-pi-400-personal-computer-kit--us-keyboard-layout,99.99,In Stock,In stock,Pi 4,,Raspberry Pi,99.99,99.99,False,True,0.0
2025-10-29,999003,Raspberry Pi 400 Personal Computer Kit,https://www.microcenter.com/product/630737/raspberry-pi-400-personal-computer-kit--us-keyboard-layout,99.99,In Stock,In stock,Pi 4,,Raspberry Pi,99.99,99.99,False,True,0.0
2025-10-30,999003,Raspberry Pi 400 Personal Computer Kit,https://www.microcenter.com/product/630737/raspberry-pi-400-personal-computer-kit--us-keyboard-layout,99.99,In Stock,In stock,Pi 4,,Raspberry Pi,99.99,99.99,False,True,0.0
2025-10-31,999003,Raspberry Pi 400 Personal Computer Kit,https://www.microcenter.com/product/630737/raspberry-pi-400-personal-computer-kit--us-keyboard-layout,99.99,In Stock,In stock,Pi 4,,Raspberry Pi,99.99,99.99,False,True,0.0
2025-11-01,999003,Raspberry Pi 400 Personal Computer Kit,https://www.microcenter.com/product/630737/raspberry-pi-400-personal-computer-kit--us-keyboard-layout,99.99,In Stock,In stock,Pi 4,,Raspberry Pi,99.99,99.99,False,True,0.0
2025-10-13,999004,Raspberry Pi Pico W,https://www.microcenter.com/product/653129/raspberry-pi-pico-w-microcontroller,7.99,In Stock,In stock,Pico,,Raspberry Pi,,7.99,False,True,
2025-10-14,999004,Raspberry Pi Pico W,https://www.microcenter.com/product/653129/raspberry-pi-pico-w-microcontroller,7.99,In Stock,In stock,Pico,,Raspberry Pi,,7.99,False,True,
2025-10-16,999004,Raspberry Pi Pico W,https://www.microcenter.com/product/653129/raspberry-pi-pico-w-microcontroller,7.99,In Stock,In stock,Pico,,Raspberry Pi,7.99,7.99,False,True,0.0
2025-10-17,999004,Raspberry Pi Pico W,https://www.microcenter.com/product/653129/raspberry-pi-pico-w-microcontroller,7.99,In Stock,In stock,Pico,,Raspberry Pi,7.99,7.99,False,True,0.0
2025-10-18,999004,Raspberry Pi Pico W,https://www.microcenter.com/product/653129/raspberry-pi-pico-w-microcontroller,7.99,In Stock,In stock,Pico,,Raspberry Pi,7.99,7.99,False,True,0.0
2025-10-19,999004,Raspberry Pi Pico W,https://www.microcenter.com/product/653129/raspberry-pi-pico-w-microcontroller,7.99,In Stock,In stock,Pico,,Raspberry Pi,7.99,7.99,False,True,0.0
2025-10-20,999004,Raspberry Pi Pico W,https://www.microcenter.com/product/653129/raspberry-pi-pico-w-microcontroller,7.99,In Stock,In stock,Pico,,Raspberry Pi,7.99,7.99,False,True,0.0
2025-10-21,999004,Raspberry Pi Pico W,https://www.microcenter.com/product/653129/raspberry-pi-pico-w-microcontroller,7.99,In Stock,In stock,Pico,,Raspberry Pi,7.99,7.99,False,True,0.0
2025-10-22,999004,Raspberry Pi Pico W,https://www.microcenter.com/product/653129/raspberry-pi-pico-w-microcontroller,7.99,In Stock,In stock,Pico,,Raspberry Pi,7.99,7.99,False,True,0.0
2025-10-23,999004,Raspberry Pi Pico W,https://www.microcenter.com/product/653129/raspberry-pi-pico-w-microcontroller,7.99,In Stock,In stock,Pico,,Raspberry Pi,7.99,7.99,False,True,0.0
2025-10-24,999004,Raspberry Pi Pico W,https://www.microcenter.com/product/653129/raspberry-pi-pico-w-microcontroller,7.99,In Stock,In stock,Pico,,Raspberry Pi,7.99,7.99,False,True,0.0
2025-10-25,999004,Raspberry Pi Pico W,https://www.microcenter.com/product/653129/raspberry-pi-pico-w-microcontroller,7.99,In Stock,In stock,Pico,,Raspberry Pi,7.99,7.99,False,True,0.0
2025-10-26,999004,Raspberry Pi Pico W,https://www.microcenter.com/product/653129/raspberry-pi-pico-w-microcontroller,7.99,In Stock,In stock,Pico,,Raspberry Pi,7.99,7.99,False,True,0.0
2025-10-27,999004,Raspberry Pi Pico W,https://www.microcenter.com/product/653129/raspberry-pi-pico-w-microcontroller,7.99,In Stock,In stock,Pico,,Raspberry Pi,7.99,7.99,False,True,0.0
2025-10-28,999004,Raspberry Pi Pico W,https://www.microcenter.com/product/653129/raspberry-pi-pico-w-microcontroller,7.99,In Stock,In stock,Pico,,Raspberry Pi,7.99,7.99,False,True,0.0
2025-10-29,999004,Raspberry Pi Pico W,https://www.microcenter.com/product/653129/raspberry-pi-pico-w-microcontroller,7.99,In Stock,In stock,Pico,,Raspberry Pi,7.99,7.99,False,True,0.0
2025-10-30,999004,Raspberry Pi Pico W,https://www.microcenter.com/product/653129/raspberry-pi-pico-w-microcontroller,7.99,In Stock,In stock,Pico,,Raspberry Pi,7.99,7.99,False,True,0.0
2025-10-31,999004,Raspberry Pi Pico W,https://www.microcenter.com/product/653129/raspberry-pi-pico-w-microcontroller,7.99,In Stock,In stock,Pico,,Raspberry Pi,7.99,7.99,False,True,0.0
2025-11-01,999004,Raspberry Pi Pico W,https://www.microcenter.com/product/653129/raspberry-pi-pico-w-microcontroller,7.99,In Stock,In stock,Pico,,Raspberry Pi,7.99,7.99,False,True,0.0
